﻿<?xml version="1.0" encoding="utf-8"?>
<InstallerConfiguration xmlns:i="http://www.w3.org/2001/XMLSchema-instance">
	<DiscoveryEndpointName>prod</DiscoveryEndpointName>
	<DiscoveryServerRoot>discovery.razerapi.com</DiscoveryServerRoot>
	<Endpoint></Endpoint>
	<PreSelectedSoftwareModules>
		<SoftwareModuleId>Razer Synapse</SoftwareModuleId>
	</PreSelectedSoftwareModules>
	<ResourceDataUrl i:nil="true" />
	<ServerRoot>manifest.razerapi.com</ServerRoot>
	<SoftwareOrderPriority>
		<SoftwareModuleId>Razer Synapse</SoftwareModuleId>
	</SoftwareOrderPriority>
</InstallerConfiguration>